<?xml version="1.0" encoding="utf-8"?>
<World xmlns:xsi="http://www.w3.org/2001/XMLSchema-instance" xmlns:xsd="http://www.w3.org/2001/XMLSchema">
  <name>Stranglewood</name>
  <desc>Deadly forest on the Ba'al Plateau</desc>
  <theme>Gothic</theme>
  <sceneryObjects>
    <Scenery>
      <name>River Crossing</name>
      <description>A natural ford allowing access to either side of the river.</description>
      <type>1</type>
      <imageFile>images\River Crossing.png</imageFile>
    </Scenery>
    <Scenery>
      <name>River Crossing</name>
      <description>A natural ford allowing access to either side of the river.</description>
      <type>1</type>
      <imageFile>images\River Crossing.png</imageFile>
    </Scenery>
    <Scenery>
      <name>River Bend</name>
      <description>A winding stretch of river.</description>
      <type>1</type>
      <imageFile>images\River Bend.png</imageFile>
    </Scenery>
    <Scenery>
      <name>River Fork</name>
      <description>The river splits into two at this point.</description>
      <type>1</type>
      <imageFile>images\River Fork.png</imageFile>
    </Scenery>
    <Scenery>
      <name>Large Pine Wood</name>
      <description>A thickly forested section of evergreens.</description>
      <type>2</type>
      <imageFile>images\Large Pine Wood.png</imageFile>
    </Scenery>
    <Scenery>
      <name>Scattered Pine Trees</name>
      <description>A light scattering of evergreen trees.</description>
      <type>2</type>
      <imageFile>images\Scattered Pine Trees.png</imageFile>
    </Scenery>
    <Scenery>
      <name>Rocky Escarpment</name>
      <description>Ancient waterflow has worn the rock here into a smooth, sheer precipice. </description>
      <type>6</type>
      <imageFile>images\Rocky Escarpment.png</imageFile>
    </Scenery>
    <Scenery>
      <name>Rocky Escarpment</name>
      <description>Ancient waterflow has worn the rock here into a smooth, sheer precipice. </description>
      <type>6</type>
      <imageFile>images\Rocky Escarpment.png</imageFile>
    </Scenery>
    <Scenery>
      <name>Small Woodland</name>
      <description>A mixed woodland of dense trees.</description>
      <type>2</type>
      <imageFile>images\Small Woodland.png</imageFile>
    </Scenery>
    <Scenery>
      <name>Small Woodland</name>
      <description>A mixed woodland of dense trees</description>
      <type>2</type>
      <imageFile>images\Small Woodland.png</imageFile>
    </Scenery>
    <Scenery>
      <name>Crooked Tree</name>
      <description>This gnarled tree is ancient, and extrudes a mysterious aura.</description>
      <type>2</type>
      <imageFile>images\Crooked Tree.png</imageFile>
    </Scenery>
    <Scenery>
      <name>Crooked Tree</name>
      <description>This gnarled tree is ancient, and extrudes a mysterious aura.</description>
      <type>2</type>
      <imageFile>images\Crooked Tree.png</imageFile>
    </Scenery>
    <Scenery>
      <name>Crooked Tree</name>
      <description>This gnarled tree is ancient, and extrudes a mysterious aura.</description>
      <type>2</type>
      <imageFile>images\Crooked Tree.png</imageFile>
    </Scenery>
    <Scenery>
      <name>Large Rocky Hill</name>
      <description>A weathered rocky hillock.</description>
      <type>6</type>
      <imageFile>images\Large Rocky Hill.png</imageFile>
    </Scenery>
    <Scenery>
      <name>Extra Large Rocky Hill</name>
      <description>A massive rocky hillock.</description>
      <type>6</type>
      <imageFile>images\Extra Large Rocky Hill.png</imageFile>
    </Scenery>
    <Scenery>
      <name>Large Pool</name>
      <description>A large mere of fresh water.</description>
      <type>5</type>
      <imageFile>images\Large Pool.png</imageFile>
    </Scenery>
    <Scenery>
      <name>Freshwater Pool</name>
      <description>A pond of freshwater.</description>
      <type>5</type>
      <imageFile>images\Freshwater Pool.png</imageFile>
    </Scenery>
    <Scenery>
      <name>Ancient Ruin</name>
      <description>A crumbling ruin from some ancient civilisation.</description>
      <type>8</type>
      <imageFile>images\Ancient Ruin.png</imageFile>
    </Scenery>
    <Scenery>
      <name>Ancient Ruin</name>
      <description>A crumbling ruin from some ancient civilisation.</description>
      <type>8</type>
      <imageFile>images\Ancient Ruin.png</imageFile>
    </Scenery>
    <Scenery>
      <name>Crashed Life Shuttle</name>
      <description>A downed lifepod from some unfortunate starship.</description>
      <type>7</type>
      <imageFile>images\Crashed Life Shuttle.png</imageFile>
    </Scenery>
  </sceneryObjects>
  <availableScenery>
    <Scenery>
      <name>River Crossing</name>
      <description>A natural ford allowing access to either side of the river.</description>
      <type>1</type>
      <imageFile>images\River Crossing.png</imageFile>
    </Scenery>
    <Scenery>
      <name>River Crossing</name>
      <description>A natural ford allowing access to either side of the river.</description>
      <type>1</type>
      <imageFile>images\River Crossing.png</imageFile>
    </Scenery>
    <Scenery>
      <name>Rocky Escarpment</name>
      <description>Ancient waterflow has worn the rock here into a smooth, sheer precipice. </description>
      <type>6</type>
      <imageFile>images\Rocky Escarpment.png</imageFile>
    </Scenery>
  </availableScenery>
  <currentWorld>
    <Scenery>
      <name>River Bend</name>
      <description>A winding stretch of river.</description>
      <type>1</type>
      <imageFile>images\River Bend.png</imageFile>
    </Scenery>
    <Scenery>
      <name>Large Pine Wood</name>
      <description>A thickly forested section of evergreens.</description>
      <type>2</type>
      <imageFile>images\Large Pine Wood.png</imageFile>
    </Scenery>
    <Scenery>
      <name>Scattered Pine Trees</name>
      <description>A light scattering of evergreen trees.</description>
      <type>2</type>
      <imageFile>images\Scattered Pine Trees.png</imageFile>
    </Scenery>
    <Scenery>
      <name>Rocky Escarpment</name>
      <description>Ancient waterflow has worn the rock here into a smooth, sheer precipice. </description>
      <type>6</type>
      <imageFile>images\Rocky Escarpment.png</imageFile>
    </Scenery>
    <Scenery>
      <name>River Fork</name>
      <description>The river splits into two at this point.</description>
      <type>1</type>
      <imageFile>images\River Fork.png</imageFile>
    </Scenery>
  </currentWorld>
  <sceneryTypes />
  <missionObjectives />
</World>