<MissionObjectives>
	<Theme themeName="Misc">
		<SceneryType type="River">
			<Objective>
			The river represents an important tactical advantage over the opponent. Whoever holds the river will surely gain strategic control of the battle.
			
[TeamA] and [TeamB] roll a die each. Whoever has the highest number gets to choose who deploys first. If there is a tie, re-roll until there is a team with a higher number.

The team which deploys first gets to choose which board edge to deploy from. They must deploy units within 6" of their edge. The opposing team must deploy their units from the opposite board edge.

Each team will receive a Tactic Point for the beginning of each turn that they control units within 6" of a section of river.

If both teams have units within 6" of the same section of river, then neither team gain a Tactic Point for that section.

This mission lasts 3 + D3 turns.
			</Objective>
			<Objective>
			This section of the river is the best crossing point for miles around, and therefore holds great strategic importance. [TeamA] already holds the crossing, and plans to make use of it imminently with a convoy. [TeamB] has other plans, and intends to raid the convoy and take the crossing.
			
[TeamA] begins with 1 squad defending the crossing, and can add an additional squad for each Tactic Point spent.

[TeamB] begins with 2 squads on their board edge. And an additional squad may be brought on each turn for a Tactic Point.

[TeamA] has a convoy which must make its way through the crossing and to the opposite board edge. The convoy consists of defenceless people/vehicles/creatures and each convoy unit has 4HP total, and a movement of 6".

Each turn, a new convoy unit appears on [TeamA]'s board edge, and will have to make its way across. An additional squad from [TeamA] can be brought on with the convoy each time.

[TeamB] will gain a Tactic Point for each convoy unit destroyed. They will gain an additional Tactic Point for each unit they have within 8" of the crossing.

[TeamA] will gain a Tactic Point for each convoy unit which has successfully left the board. They will gain an additional Tactic Point for each unit they have within 8" of the crossing.

This mission lasts 3 + D3 turns.
			</Objective>
		</SceneryType>
		<SceneryType type="Forest">
			<Objective>
			A scout has been reported in the area, and is believed to be carrying something of importance which they wish to return to their own side. [TeamA] must find the scout and capture them. [TeamB] must return the scout to safety.

[TeamB] chooses a unit of their choice to act as the scout. This unit can only become available to use once discovered by either team.
			
If there are multiple forests, then place a blip under each forest. One of these blips should be a marker to denote the scout, and the others should be blank. If only a single forest exists, then the scout is automatically in that one.

For [TeamA] to capture the scout, they must engage them in close-combat and beat them. Once a unit from [TeamA] enters a forest, the blip is revealed. If the blip denotes the scout, then the discovering unit may make an attack against the scout.

If the scout is defeated in combat, they join the unit that defeated them as an objective marker. [TeamA] wins if this objective marker reaches their edge of the board.

If the scout is not defeated, or is discovered by [TeamB] in a similar vein (unit enters the forest and finds the right blip), then it becomes the unit chosen by [TeamB] at the beginning, and may now be controlled as usual.

If the scout is being carried as an objective marker, it will be dropped in position if the unit carrying it is defeated. Once any unit enters base-contact with the unconscious scout marker, they may choose to carry them instead.

[TeamB] wins if the scout reaches their board edge.

Whichever team first discovers the scout will gain a Tactic Point.

Leading the scout/unconscious scout marker off the appropriate board edge will earn a Tactic Point for the appropriate team.

Every time the unconscious scout marker is picked up, the team owning the unit that has picked up the marker gains a Tactic Point.

If [TeamB] kills the scout, they will gain a Tactic Point. However that unit will be removed from their roster with no chances to recover from injuries.
 			</Objective>
			<Objective>
			The forests contain many hidden paths and secret hollows. With some survival skills and a little ingenuity a force could use one as an effective base of operations, remaining closeby but hidden from the enemy's scrutiny. Sometimes the only response to such a hidden threat is to burn them out.
			
[TeamA] begins with no forces on the board. Each turn, [TeamA] can deploy a squad at any surviving forest scenery for the cost of one Tactic Point.

[TeamB] begins with a number of squads up to however many forests there are on the board. An additional squad may be brought on as reinforcements for one Tactic Point each per turn.

[TeamB] must destroy the forests. This is accomplished like any normal attack.

[TeamA] must protect the forests by defeating [TeamB], or by having double the number of units they control.

[TeamB] gains a Tactic Point for each forest destroyed. They also gain a Tactic Point when a [TeamA] squad is defeated.

[TeamA] gains a Tactic Point for each [TeamB] squad defeated. If they double the number of units [TeamB] controls, they will gain a Tactic Point for each surviving [TeamB] squad.

Forests: 5 HP, 1 ARM
			</Objective>
		</SceneryType>
		<SceneryType type="Building">
			<Objective>
			Building1
			</Objective>
			<Objective>
			Building2
			</Objective>
		</SceneryType>
		<SceneryType type="Fortification">
			<Objective>
			Fort1
			</Objective>
			<Objective>
			Fort2
			</Objective>
		</SceneryType>
		<SceneryType type="Mere">
			<Objective>
			Mere1
			</Objective>
			<Objective>
			Mere2
			</Objective>
		</SceneryType>
		<SceneryType type="Hill">
			<Objective>
			Hill1
			</Objective>
			<Objective>
			Hill2
			</Objective>
		</SceneryType>
		<SceneryType type="Artefact">
			<Objective>
			The artefact radiates energies of a Xenos origin. Some scholars believe that it heralds an ancient evil, while others have claimed it wards off damnation. Whatever the truth, the fate of the alien object is now in peril.
			
[TeamA] must destroy the artefact, and begin on the board edge furthest from it.

[TeamB] must perform some ancient ritual on the object, which involves send troops to the artefact, whereby they will be occupied or incapacitated by its strange aura.

For each soldier who moves within the aura of the artefact (it begins with an aura size of 2"), the artefact's aura increases in size by 1" (use a numbered marker to denote current aura size).

Soldiers within the aura are disabled, and cannot move or attack, although any defensive rolls will occur as usual.

Once the aura touches [TeamA]'s leader, OR [TeamA]'s starting board edge (whichever happens first), then [TeamB] has won.

When a soldier within the aura is killed, the aura decreases in size accordingly. The aura also has HP equal to its aura size (marked separately).

If the artefact's HP is reduced to -2 of its current aura, then it is destroyed and [TeamA] win.
			</Objective>
			<Objective>
			Artefact2
			</Objective>
		</SceneryType>
		<SceneryType type="Ruin">
			<Objective>
			Ruin1
			</Objective>
			<Objective>
			Ruin2
			</Objective>
		</SceneryType>
	</Theme>
</MissionObjectives>